--
-- Script was generated by Devart dbForge Studio 2020 for MySQL, Version 9.0.338.0
-- Product Home Page: http://www.devart.com/dbforge/mysql/studio
-- Script date 1/9/2022 12:23:29 PM
-- Target server version: 8.0.27
-- Target connection string: User Id=root;Host=localhost;Character Set=utf8
--



SET NAMES 'utf8';
USE eshop;
--
-- Delete data from the table 'loaisp_thuonghieu'
--
TRUNCATE TABLE loaisp_thuonghieu;
--
-- Delete data from the table 'sanpham'
--
DELETE FROM sanpham;
--
-- Delete data from the table 'thuonghieu'
--
DELETE FROM thuonghieu;
--
-- Delete data from the table 'loaisanpham'
--
DELETE FROM loaisanpham;

--
-- Inserting data into table loaisanpham
--
INSERT INTO loaisanpham(id_loaisp, ten_loaisp) VALUES
(1, 'Quần'),
(2, 'Áo'),
(3, 'Giày'),
(4, 'Mũ'),
(5, 'Áo khoác'),
(6, 'Giày'),
(7, 'Mũ'),
(8, 'Quần'),
(9, 'Áo'),
(10, 'Giày'),
(11, 'Quần ngắn'),
(12, 'Quần dài'),
(13, 'Áo'),
(14, 'Mũ'),
(15, 'Áo khoác'),
(16, 'Áo thun'),
(17, 'Áo khoác'),
(18, 'Áo thun'),
(19, 'Áo khoác'),
(20, 'Áo'),
(21, 'Quần ngắn'),
(22, 'Giày'),
(23, 'Áo thun'),
(24, 'Quần dài'),
(25, 'Áo sơmi'),
(26, 'Áo thun'),
(27, 'Quần dài'),
(28, 'Áo sơmi'),
(29, 'Áo khoác'),
(30, 'Áo khoác'),
(31, 'Áo sơmi'),
(32, 'Mũ'),
(33, 'Áo sơmi'),
(34, 'Quần'),
(35, 'Quần ngắn'),
(36, 'Quần'),
(37, 'Áo thun'),
(38, 'Áo sơmi'),
(39, 'Mũ'),
(40, 'Giày'),
(41, 'Quần ngắn'),
(42, 'Mũ'),
(43, 'Quần ngắn'),
(44, 'Mũ'),
(45, 'Giày'),
(46, 'Áo thun'),
(47, 'Quần ngắn'),
(48, 'Áo'),
(49, 'Áo thun'),
(50, 'Giày'),
(51, 'Áo thun'),
(52, 'Quần'),
(53, 'Áo sơmi'),
(54, 'Quần'),
(55, 'Áo thun'),
(56, 'Mũ'),
(57, 'Áo sơmi'),
(58, 'Áo thun'),
(59, 'Áo thun'),
(60, 'Quần'),
(61, 'Áo'),
(62, 'Áo sơmi'),
(63, 'Áo sơmi'),
(64, 'Áo'),
(65, 'Giày'),
(66, 'Áo sơmi'),
(67, 'Quần'),
(68, 'Áo thun'),
(69, 'Áo'),
(70, 'Áo thun'),
(71, 'Áo sơmi'),
(72, 'Quần ngắn'),
(73, 'Áo khoác'),
(74, 'Áo khoác'),
(75, 'Áo'),
(76, 'Giày'),
(77, 'Mũ'),
(78, 'Mũ'),
(79, 'Mũ'),
(80, 'Áo'),
(81, 'Mũ'),
(82, 'Quần dài'),
(83, 'Quần'),
(84, 'Áo khoác'),
(85, 'Quần ngắn'),
(86, 'Quần dài'),
(87, 'Áo'),
(88, 'Mũ'),
(89, 'Mũ'),
(90, 'Áo khoác'),
(91, 'Áo thun'),
(92, 'Giày'),
(93, 'Áo'),
(94, 'Quần'),
(95, 'Quần'),
(96, 'Quần ngắn'),
(97, 'Quần'),
(98, 'Áo sơmi'),
(99, 'Quần'),
(100, 'Quần');

--
-- Inserting data into table thuonghieu
--
INSERT INTO thuonghieu(id_thuonghieu, ten_thuonghieu, so_sanpham) VALUES
(1, 'Hang VN clc', 92744),
(2, 'Gucci', 47909),
(3, 'Prada', 90070),
(4, 'Prada', 63964),
(5, 'Hang nhap khau', 1713),
(6, 'Burberry', 19406),
(7, 'Zara', 46782),
(8, 'Chanel', 69150),
(9, 'Burberry', 92112),
(10, 'Gucci', 4649),
(11, 'Gucci', 5640),
(12, 'Burberry', 93030),
(13, 'Chanel', 2553),
(14, 'Zara', 62021),
(15, 'Burberry', 40180),
(16, 'Prada', 93303),
(17, 'Gucci', 907),
(18, 'Louis Vuitton', 18883),
(19, 'Hang nhap khau', 11509),
(20, 'Louis Vuitton', 77070),
(21, 'Louis Vuitton', 38940),
(22, 'Burberry', 73093),
(23, 'Burberry', 93460),
(24, 'Dior', 38933),
(25, 'Burberry', 30186),
(26, 'Chanel', 30832),
(27, 'Hang nhap khau', 60643),
(28, 'Hang VN clc', 88349),
(29, 'Gucci', 20214),
(30, 'Zara', 6807),
(31, 'Burberry', 87458),
(32, 'Hang nhap khau', 91810),
(33, 'Hang nhap khau', 32359),
(34, 'Prada', 39865),
(35, 'Hang nhap khau', 46041),
(36, 'Gucci', 14720),
(37, 'Chanel', 17844),
(38, 'Hang VN clc', 97130),
(39, 'Gucci', 34729),
(40, 'Louis Vuitton', 16424),
(41, 'Burberry', 7182),
(42, 'Burberry', 71374),
(43, 'Zara', 11300),
(44, 'Louis Vuitton', 23215),
(45, 'Prada', 68627),
(46, 'Dior', 61801),
(47, 'Chanel', 86231),
(48, 'Zara', 82796),
(49, 'Gucci', 46260),
(50, 'Zara', 52332),
(51, 'Dior', 58775),
(52, 'Burberry', 41432),
(53, 'Gucci', 63919),
(54, 'Hang VN clc', 99285),
(55, 'Louis Vuitton', 82733),
(56, 'Hang nhap khau', 51999),
(57, 'Burberry', 94477),
(58, 'Burberry', 88685),
(59, 'Burberry', 80242),
(60, 'Hang VN clc', 90388),
(61, 'Zara', 22068),
(62, 'Gucci', 81906),
(63, 'Hang nhap khau', 90647),
(64, 'Hang VN clc', 12567),
(65, 'Hang VN clc', 88413),
(66, 'Dior', 78144),
(67, 'Hang VN clc', 29435),
(68, 'Dior', 70290),
(69, 'Zara', 32679),
(70, 'Burberry', 38974),
(71, 'Hang VN clc', 73287),
(72, 'Burberry', 38774),
(73, 'Hang VN clc', 23149),
(74, 'Burberry', 71866),
(75, 'Hang VN clc', 29178),
(76, 'Louis Vuitton', 1453),
(77, 'Hang VN clc', 27423),
(78, 'Zara', 46274),
(79, 'Chanel', 16295),
(80, 'Prada', 43413),
(81, 'Hang VN clc', 39748),
(82, 'Chanel', 23063),
(83, 'Prada', 63112),
(84, 'Hang nhap khau', 4348),
(85, 'Gucci', 38371),
(86, 'Hang VN clc', 81658),
(87, 'Burberry', 31543),
(88, 'Burberry', 68443),
(89, 'Hang VN clc', 76831),
(90, 'Gucci', 20070),
(91, 'Gucci', 43447),
(92, 'Zara', 37871),
(93, 'Zara', 76414),
(94, 'Prada', 87496),
(95, 'Chanel', 32516),
(96, 'Dior', 76702),
(97, 'Chanel', 39794),
(98, 'Louis Vuitton', 62341),
(99, 'Hang nhap khau', 55279),
(100, 'Burberry', 92619);

--
-- Inserting data into table sanpham
--
INSERT INTO sanpham(id_sanpham, ten_sanpham, gia_sanpham, mieuta, soluong_tonkho, ngay_list, soluong_daban, mau_sac, size, thumbnail) VALUES
(1, 'Áo ngắn tay', 199250, 'v.v', 31372, '1979-06-06 22:56:25', 90, 'hồng', 'XS', 'v.v'),
(2, 'Áo ngắn tay', 271847, 'v.v', 88, '1970-01-01 00:01:29', 108, 'đen', '56', 'v.v'),
(3, 'Áo somi', 925474, 'v.v', 53348, '2002-09-03 21:54:17', 4011, 'trắng', 'XS', 'v.v'),
(4, 'Quần Jean', 483032, 'v.v', 53, '1970-01-01 00:00:54', 5, 'đen', 'XXL', 'v.v'),
(5, 'Áo Thun', 276579, 'v.v', 79055, '2017-06-05 10:01:31', 5128, 'nâu', 'L', 'v.v'),
(6, 'Áo somi', 997800, 'v.v', 19828, '1997-03-29 06:25:06', 61548, 'nâu', '48', 'v.v'),
(7, 'Áo somi', 114637, NULL, 56296, '1981-09-07 23:10:32', NULL, 'xanh', 'XS', 'v.v'),
(8, 'Quần Jean', 368068, 'v.v', 38545, '2003-03-06 14:52:03', 196, 'đỏ', 'M', 'v.v'),
(9, 'Áo Thun', 55868, 'v.v', 72418, '1982-12-13 09:59:14', 7, 'hồng', '34', NULL),
(10, 'Áo dài tay', 278424, 'v.v', 28512, '2004-07-25 18:28:39', 47890, 'vàng', 'XL', 'v.v'),
(11, 'Áo Thun', NULL, 'v.v', NULL, NULL, 73574, 'đỏ', NULL, 'v.v'),
(12, 'Áo khoác', 586019, 'v.v', 59673, '1970-02-18 16:23:50', 8, 'vàng', '38', 'v.v'),
(13, 'Áo Thun', 691907, 'v.v', 99115, '1987-09-29 04:46:55', 2516, 'hồng', 'XL', 'v.v'),
(14, 'Áo dài tay', 690007, 'v.v', 71318, '1977-08-16 01:40:39', 6763, 'xanh', 'XL', 'v.v'),
(15, 'Áo khoác', 91961, 'v.v', 88800, '1976-04-06 17:07:37', 37741, 'nâu', 'L', 'v.v'),
(16, 'Áo somi', 276189, 'v.v', 86085, '1985-03-25 16:01:40', 77748, NULL, 'XL', 'v.v'),
(17, 'Quần dài', 941661, 'v.v', 204, '2005-09-19 22:27:06', 74715, 'xanh', 'S', 'v.v'),
(18, 'Áo dài tay', 919366, 'v.v', 45490, '1970-12-31 14:26:35', 28273, 'đen', '46', 'v.v'),
(19, 'Quần Jean', 185441, 'v.v', 85325, '2007-10-22 22:32:27', 19213, 'nâu', 'XL', 'v.v'),
(20, 'Quần dài', 53629, 'v.v', 2553, '2004-08-19 16:40:58', 66442, 'đỏ', '58', 'v.v'),
(21, 'Áo somi', 854255, 'v.v', 491, '2013-07-18 10:54:05', 96609, 'đỏ', 'M', 'v.v'),
(22, 'Quần ngắn', 609664, 'v.v', 98965, '1978-10-15 06:19:50', 98138, 'trắng', 'XL', NULL),
(23, 'Áo khoác', NULL, 'v.v', NULL, NULL, 192, 'đen', NULL, 'v.v'),
(24, 'Quần Jean', 781805, 'v.v', 76869, '2014-03-12 23:58:10', 2994, 'nâu', 'L', 'v.v'),
(25, 'Áo ngắn tay', 84558, 'v.v', 38365, '1979-09-08 21:05:00', 19167, 'vàng', 'XL', 'v.v'),
(26, 'Quần dài', 111997, 'v.v', 10503, '2007-06-04 14:00:14', 76125, 'xanh', '50', NULL),
(27, 'Quần Jean', 539257, NULL, 76938, '2007-04-07 16:36:07', NULL, 'hồng', '42', 'v.v'),
(28, 'Áo khoác', 604319, 'v.v', 7675, '2000-09-28 12:33:34', 94143, 'hồng', 'S', 'v.v'),
(29, 'Áo ngắn tay', 616288, 'v.v', 3, '1970-01-01 00:00:04', 15906, 'xanh', 'XL', NULL),
(30, 'Quần ngắn', 252743, 'v.v', 62127, '2003-11-10 13:49:06', 46444, 'đỏ', 'S', 'v.v'),
(31, 'Áo khoác', 607110, 'v.v', 1267, '1970-01-01 00:21:08', 36396, 'trắng', 'L', 'v.v'),
(32, 'Quần dài', 651357, 'v.v', 9205, '1975-09-25 17:31:56', 11057, 'đỏ', '48', 'v.v'),
(33, 'Áo Thun', 98079, NULL, 47966, '1974-06-28 14:07:49', NULL, 'nâu', 'XL', 'v.v'),
(34, 'Quần dài', NULL, NULL, NULL, NULL, NULL, 'đỏ', NULL, 'v.v'),
(35, 'Áo ngắn tay', 210780, 'v.v', 78599, '2010-09-05 23:32:04', 37943, 'nâu', 'XS', 'v.v'),
(36, 'Quần dài', 93800, NULL, 6, '1970-01-01 00:00:07', NULL, 'hồng', 'XS', NULL),
(37, 'Áo ngắn tay', 37332, 'v.v', 43596, '2012-04-02 09:04:04', 78870, 'vàng', '36', 'v.v'),
(38, 'Áo Thun', 559114, 'v.v', 31623, '2012-12-09 00:00:43', 39711, 'đen', 'L', NULL),
(39, 'Áo khoác', 498858, 'v.v', 37371, '2016-07-28 02:45:45', 87393, NULL, 'S', 'v.v'),
(40, 'Áo dài tay', 217923, 'v.v', 6396, '1970-01-01 01:46:37', 12685, 'vàng', '40', 'v.v'),
(41, 'Quần dài', 489603, NULL, 532, '1970-01-01 00:08:53', NULL, 'đỏ', 'XL', 'v.v'),
(42, 'Áo ngắn tay', 618502, 'v.v', 45824, '2014-08-31 21:50:02', 1, 'đỏ', '54', NULL),
(43, 'Quần ngắn', 529632, 'v.v', 8, '1970-01-01 00:00:09', 0, 'xanh', 'XXL', 'v.v'),
(44, 'Áo Thun', 446035, 'v.v', 30816, '1978-02-14 06:18:58', 43861, 'đen', 'M', NULL),
(45, 'Áo dài tay', 270196, 'v.v', 25307, '1974-10-26 08:26:35', 51106, 'nâu', 'XS', NULL),
(46, 'Áo Thun', 687924, 'v.v', 3116, '1970-01-01 00:51:57', 9, 'đỏ', '52', 'v.v'),
(47, 'Áo ngắn tay', 512100, 'v.v', 2263, '2001-05-08 15:54:06', 59531, NULL, 'XS', 'v.v'),
(48, 'Áo dài tay', 633945, 'v.v', 36311, '2017-07-02 10:29:02', 3121, 'vàng', 'XL', 'v.v'),
(49, 'Áo Thun', 905354, 'v.v', 65130, '1988-09-05 12:34:17', 28886, 'nâu', 'S', 'v.v'),
(50, 'Áo somi', 384079, 'v.v', 86803, '1970-02-05 16:39:19', 15265, NULL, 'L', 'v.v'),
(51, 'Quần Jean', 126934, 'v.v', 79986, '1981-08-10 01:24:58', 41240, 'trắng', 'XS', 'v.v'),
(52, 'Quần dài', 698998, NULL, 75655, '1995-08-26 02:26:54', NULL, 'trắng', 'M', 'v.v'),
(53, 'Quần ngắn', 948564, 'v.v', 70449, '2010-03-25 21:26:18', 22681, 'trắng', 'XL', 'v.v'),
(54, 'Quần Jean', 766950, 'v.v', 5028, '1970-01-01 01:23:49', 77820, 'đỏ', 'XL', 'v.v'),
(55, 'Áo khoác', 94908, 'v.v', 132, '1970-01-01 00:02:13', 44608, 'nâu', 'L', 'v.v'),
(56, 'Áo dài tay', 949012, 'v.v', 74885, '2011-09-20 14:26:15', 69862, 'xanh', '50', NULL),
(57, 'Quần dài', 774699, 'v.v', 55098, '2014-01-20 14:47:28', 5, 'nâu', 'XXL', 'v.v'),
(58, 'Áo ngắn tay', 401772, 'v.v', 91695, '2008-06-19 14:09:10', 3, 'đen', '42', 'v.v'),
(59, 'Quần ngắn', 652382, NULL, 21, '1970-01-01 00:00:22', NULL, 'trắng', '52', 'v.v'),
(60, 'Quần Jean', 735535, 'v.v', 65819, '1989-08-21 10:54:28', 33375, 'trắng', 'XL', 'v.v'),
(61, 'Quần ngắn', 318294, 'v.v', 42666, '1977-11-25 18:21:36', 9, 'đỏ', '40', 'v.v'),
(62, 'Quần Jean', 963409, 'v.v', 51596, '1984-01-02 06:21:34', 67260, 'đen', 'XXL', 'v.v'),
(63, 'Quần dài', 170100, 'v.v', 5466, '1970-01-01 01:31:07', 1772, 'xanh', '46', 'v.v'),
(64, 'Áo dài tay', 429275, 'v.v', 7372, '1976-08-05 13:43:18', 84212, 'hồng', 'L', 'v.v'),
(65, 'Quần ngắn', 555784, 'v.v', 48, '1970-01-01 00:00:49', 84793, 'đỏ', 'XL', 'v.v'),
(66, 'Áo dài tay', 484035, 'v.v', 1703, '2009-10-22 18:54:11', 64920, 'trắng', 'XXL', 'v.v'),
(67, 'Quần Jean', 596886, 'v.v', 3, '1970-01-01 00:00:04', 51118, 'đen', '50', 'v.v'),
(68, 'Áo dài tay', 859087, 'v.v', 91036, '1979-01-23 13:58:18', 73468, 'nâu', 'M', 'v.v'),
(69, 'Áo khoác', 715176, 'v.v', 91009, '1984-04-12 21:30:53', 2, 'nâu', '58', 'v.v'),
(70, 'Quần Jean', 839625, 'v.v', 77375, '1997-10-23 21:35:43', 38694, 'đen', 'XL', 'v.v'),
(71, 'Quần ngắn', NULL, 'v.v', NULL, NULL, 95344, NULL, NULL, 'v.v'),
(72, 'Áo somi', 427659, NULL, 84232, '2017-05-23 12:23:41', NULL, 'đỏ', 'XS', 'v.v'),
(73, 'Áo dài tay', 712960, 'v.v', 28481, '2012-06-30 17:06:47', 39726, 'vàng', 'XS', 'v.v'),
(74, 'Áo somi', 596262, 'v.v', 89758, '1976-01-05 14:17:36', 44891, 'đỏ', 'M', 'v.v'),
(75, 'Quần ngắn', 760997, 'v.v', 78268, '1992-03-13 03:12:35', 14217, 'vàng', 'XL', 'v.v'),
(76, 'Áo khoác', 907411, 'v.v', 17659, '1996-12-28 13:18:21', 49201, 'hồng', 'XL', 'v.v'),
(77, 'Áo somi', 546551, NULL, 2679, '1970-01-01 00:44:40', NULL, 'nâu', 'XL', 'v.v'),
(78, 'Áo somi', 84764, 'v.v', 35594, '2019-10-13 02:01:36', 869, 'đen', 'XS', 'v.v'),
(79, 'Áo Thun', 584075, 'v.v', 94250, '2021-10-31 17:46:51', 2, 'trắng', '34', 'v.v'),
(80, 'Quần ngắn', 989358, 'v.v', 79031, '2021-03-02 06:48:37', 6327, 'nâu', 'XXL', 'v.v'),
(81, 'Áo khoác', 531517, 'v.v', 44388, '1989-07-26 16:39:40', 46000, 'đỏ', '42', 'v.v'),
(82, 'Áo Thun', 439899, 'v.v', 63976, '2011-11-21 11:18:55', 2, 'vàng', '44', 'v.v'),
(83, 'Áo khoác', 916253, 'v.v', 1067, '1970-01-01 00:17:48', 15918, 'trắng', 'S', 'v.v'),
(84, 'Áo dài tay', NULL, 'v.v', NULL, NULL, 9600, 'nâu', NULL, 'v.v'),
(85, 'Quần ngắn', 376878, 'v.v', 38950, '1984-11-26 21:01:32', 28482, 'vàng', '32', 'v.v'),
(86, 'Áo khoác', 60606, 'v.v', 45300, '1972-07-04 23:38:06', 84531, 'vàng', 'XL', 'v.v'),
(87, 'Áo khoác', 448226, 'v.v', 4, '1970-01-01 00:00:05', 24372, 'xanh', '58', 'v.v'),
(88, 'Quần ngắn', 688562, 'v.v', 23470, '1971-06-13 20:09:01', 2, 'hồng', '48', 'v.v'),
(89, 'Áo Thun', 595289, 'v.v', 47002, '2006-09-22 06:29:03', 58388, 'vàng', '46', 'v.v'),
(90, 'Áo khoác', 980563, 'v.v', 61423, '1992-05-30 04:12:59', 88749, 'trắng', 'S', 'v.v'),
(91, 'Quần dài', 707499, 'v.v', 93921, '2004-07-22 22:12:20', 8223, NULL, 'M', 'v.v'),
(92, 'Áo somi', 371299, 'v.v', 61955, '2021-05-16 16:39:02', 79674, 'nâu', '46', 'v.v'),
(93, 'Áo Thun', 86115, 'v.v', 899, '1970-01-01 00:15:00', 475, 'nâu', 'M', 'v.v'),
(94, 'Áo ngắn tay', 928125, 'v.v', 36697, '1973-01-14 11:50:32', 97663, 'đen', 'L', 'v.v'),
(95, 'Áo ngắn tay', 153946, 'v.v', 50854, '2009-10-02 15:02:09', 5216, 'đen', 'XL', 'v.v'),
(96, 'Quần Jean', NULL, 'v.v', NULL, NULL, 9, 'nâu', NULL, 'v.v'),
(97, 'Áo somi', NULL, 'v.v', NULL, NULL, 73256, NULL, NULL, 'v.v'),
(98, 'Áo somi', NULL, 'v.v', NULL, NULL, 28731, NULL, NULL, 'v.v'),
(99, 'Áo dài tay', NULL, 'v.v', NULL, NULL, 45964, NULL, NULL, 'v.v'),
(100, 'Áo Thun', NULL, 'v.v', NULL, NULL, 74075, NULL, NULL, 'v.v');

--
-- Inserting data into table loaisp_thuonghieu
--
INSERT INTO loaisp_thuonghieu(id_loaisp_th, id_loaisp, id_thuonghieu, ten_thuonghieu) VALUES
(1, 5, 77, 'Hang nhap khau'),
(2, 16, 39, 'Prada'),
(3, 14, 56, 'Zara'),
(4, 18, 9, 'Louis Vuitton'),
(5, 81, 36, 'Hang VN clc'),
(6, 70, 32, 'Burberry'),
(7, 23, 26, 'Burberry'),
(8, 89, 40, 'Hang VN clc'),
(9, 78, 75, 'Zara'),
(10, 17, 55, 'Gucci'),
(11, 63, 68, 'Hang nhap khau'),
(12, 47, 85, 'Chanel'),
(13, 96, 21, 'Dior'),
(14, 35, 3, 'Hang nhap khau'),
(15, 86, 4, 'Hang VN clc'),
(16, 36, 44, 'Gucci'),
(17, 36, 36, 'Gucci'),
(18, 32, 42, 'Hang nhap khau'),
(19, 43, 39, 'Zara'),
(20, 61, 79, 'Zara'),
(21, 60, 94, 'Hang VN clc'),
(22, 85, 13, 'Gucci'),
(23, 91, 81, 'Gucci'),
(24, 7, 82, 'Zara'),
(25, 95, 2, 'Chanel'),
(26, 83, 5, 'Prada'),
(27, 99, 92, 'Hang nhap khau'),
(28, 15, 40, 'Burberry'),
(29, 9, 20, 'Burberry'),
(30, 50, 10, 'Zara'),
(31, 46, 68, 'Dior'),
(32, 20, 77, 'Louis Vuitton'),
(33, 87, 4, 'Burberry'),
(34, 69, 18, 'Zara'),
(35, 54, 47, 'Hang VN clc'),
(36, 22, 86, 'Burberry'),
(37, 76, 31, 'Louis Vuitton'),
(38, 6, 10, 'Burberry'),
(39, 21, 52, 'Louis Vuitton'),
(40, 37, 93, 'Chanel'),
(41, 7, 48, 'Zara'),
(42, 89, 20, 'Hang VN clc'),
(43, 14, 27, 'Zara'),
(44, 58, 10, 'Burberry'),
(45, 58, 51, 'Burberry'),
(46, 66, 70, 'Dior'),
(47, 96, 56, 'Dior'),
(48, 51, 30, 'Dior'),
(49, 34, 12, 'Prada'),
(50, 23, 52, 'Burberry'),
(51, 37, 75, 'Chanel'),
(52, 87, 42, 'Burberry'),
(53, 13, 83, 'Chanel'),
(54, 14, 41, 'Zara'),
(55, 57, 42, 'Burberry'),
(56, 95, 23, 'Chanel'),
(57, 54, 16, 'Hang VN clc'),
(58, 8, 78, 'Chanel'),
(59, 35, 64, 'Hang nhap khau'),
(60, 1, 8, 'Hang VN clc'),
(61, 77, 35, 'Hang VN clc'),
(62, 24, 37, 'Dior'),
(63, 49, 9, 'Gucci'),
(64, 97, 45, 'Chanel'),
(65, 28, 39, 'Hang VN clc'),
(66, 97, 17, 'Chanel'),
(67, 88, 95, 'Burberry'),
(68, 9, 10, 'Burberry'),
(69, 33, 21, 'Hang nhap khau'),
(70, 49, 16, 'Gucci'),
(71, 50, 44, 'Zara'),
(72, 17, 79, 'Gucci'),
(73, 2, 47, 'Gucci'),
(74, 14, 40, 'Zara'),
(75, 9, 40, 'Burberry'),
(76, 44, 82, 'Louis Vuitton'),
(77, 12, 91, 'Burberry'),
(78, 52, 17, 'Burberry'),
(79, 64, 68, 'Hang VN clc'),
(80, 55, 61, 'Louis Vuitton'),
(81, 44, 95, 'Louis Vuitton'),
(82, 71, 53, 'Hang VN clc'),
(83, 29, 21, 'Gucci'),
(84, 75, 57, 'Hang VN clc'),
(85, 5, 35, 'Hang nhap khau'),
(86, 28, 78, 'Hang VN clc'),
(87, 28, 84, 'Hang VN clc'),
(88, 3, 90, 'Prada'),
(89, 11, 22, 'Gucci'),
(90, 12, 49, 'Burberry'),
(91, 96, 78, 'Dior'),
(92, 77, 89, 'Hang VN clc'),
(93, 48, 3, 'Zara'),
(94, 5, 94, 'Hang nhap khau'),
(95, 78, 80, 'Zara'),
(96, 47, 45, 'Chanel'),
(97, 42, 35, 'Burberry'),
(98, 100, 79, 'Burberry'),
(99, 63, 57, 'Hang nhap khau'),
(100, 95, 5, 'Chanel');